{"labels": [0], "scores": [0.9663246870040894], "bboxes": [[71.88216400146484, 236.92266845703125, 373.91033935546875, 503.9690246582031]]}