{"labels": [1, 2], "scores": [0.9064297080039978, 0.006539408583194017], "bboxes": [[360.3243408203125, 80.29993438720703, 735.7210083007812, 507.4821472167969], [-97.47759246826172, 257.7906494140625, 966.775146484375, 1772.4990234375]]}