{"labels": [0], "scores": [0.9959074258804321], "bboxes": [[422.0810241699219, 708.3265991210938, 538.0635986328125, 861.2628784179688]]}