{"labels": [0, 2], "scores": [0.9959297776222229, 0.36431872844696045], "bboxes": [[274.11505126953125, 371.2867431640625, 513.9991455078125, 697.0447387695312], [96.21076202392578, 285.0810241699219, 718.305419921875, 1505.1328125]]}