{"labels": [1, 0], "scores": [0.4529884159564972, 0.0023371311835944653], "bboxes": [[534.2583618164062, 304.03717041015625, 802.1845703125, 577.890869140625], [515.7225341796875, 238.97669982910156, 843.390625, 598.7945556640625]]}