{"labels": [0, 0, 1, 0, 2, 2, 0, 0], "scores": [0.6179078817367554, 0.20098000764846802, 0.09513776004314423, 0.023129312321543694, 0.0205413568764925, 0.011945119127631187, 0.004346033092588186, 0.0022305301390588284], "bboxes": [[476.7686767578125, 1129.60595703125, 787.5032958984375, 1421.22021484375], [268.5845947265625, 184.937255859375, 516.0787353515625, 424.19976806640625], [240.2388916015625, 220.22291564941406, 769.790283203125, 831.1187744140625], [341.7723388671875, 1108.2855224609375, 863.0121459960938, 1525.3896484375], [110.4832763671875, 116.44645690917969, 789.9022827148438, 1053.3314208984375], [-38.2962532043457, 1098.0926513671875, 837.6434936523438, 1554.4876708984375], [253.5634765625, 285.7575988769531, 692.4087524414062, 890.112548828125], [110.4832763671875, 116.44645690917969, 789.9022827148438, 1053.3314208984375]]}