{"labels": [0], "scores": [0.9865524172782898], "bboxes": [[422.7993469238281, 265.0304870605469, 534.6727905273438, 382.71441650390625]]}