{"labels": [1], "scores": [0.8251305222511292], "bboxes": [[486.7021484375, 406.5820617675781, 858.3223266601562, 870.8275146484375]]}