{"labels": [1], "scores": [0.9762028455734253], "bboxes": [[536.0130615234375, 51.088191986083984, 839.6934814453125, 405.3836364746094]]}