{"labels": [1, 1, 2, 0, 2], "scores": [0.9873416423797607, 0.9553260803222656, 0.0318264439702034, 0.014761419966816902, 0.006600749213248491], "bboxes": [[270.0998840332031, 4.405459880828857, 706.0946044921875, 450.15496826171875], [286.11688232421875, 680.22119140625, 708.1593627929688, 1163.5623779296875], [240.99920654296875, 547.7036743164062, 813.2208251953125, 1264.0321044921875], [240.99920654296875, 547.7036743164062, 813.2208251953125, 1264.0321044921875], [198.8661651611328, 754.1900634765625, 1031.1131591796875, 1407.1162109375]]}