{"labels": [1, 1, 0, 2, 1], "scores": [0.9734047055244446, 0.8365650773048401, 0.4833455979824066, 0.038424622267484665, 0.0013394934358075261], "bboxes": [[302.95928955078125, 694.9100952148438, 689.8969116210938, 1126.65087890625], [406.7369384765625, -1.2293568849563599, 792.7611083984375, 402.03045654296875], [374.901123046875, -6.089643955230713, 766.053466796875, 406.91265869140625], [216.4236297607422, 583.1719970703125, 830.6570434570312, 1279.6890869140625], [230.064453125, 439.70068359375, 807.082275390625, 1161.88134765625]]}