{"labels": [1, 1], "scores": [0.9714246392250061, 0.866100013256073], "bboxes": [[317.0509338378906, 12.028227806091309, 640.2838134765625, 385.2773132324219], [231.15174865722656, 710.538330078125, 584.8402099609375, 1085.0340576171875]]}