{"labels": [1, 1, 1, 1, 1, 0, 1, 1, 1, 1, 1, 1, 1, 1, 1, 1, 1, 1, 1, 1, 0, 1, 1, 1, 1, 1, 1, 1, 1, 1, 1, 1, 1, 1, 1, 1, 1, 1, 0, 0, 1, 1, 0, 1, 1, 0, 0, 1, 0, 1, 1, 0, 0], "scores": [0.9918304681777954, 0.9818387627601624, 0.9635619521141052, 0.9426032304763794, 0.9016815423965454, 0.8767706155776978, 0.7310383915901184, 0.7115368247032166, 0.6082689166069031, 0.4126065671443939, 0.3824300169944763, 0.28412607312202454, 0.2600551247596741, 0.25583919882774353, 0.2107143998146057, 0.19734114408493042, 0.1798248142004013, 0.1533115953207016, 0.10717346519231796, 0.09189771860837936, 0.09168179333209991, 0.08218944072723389, 0.08132143318653107, 0.06846010684967041, 0.05256486311554909, 0.049868449568748474, 0.048474084585905075, 0.0366053432226181, 0.036064159125089645, 0.02858232893049717, 0.018198451027274132, 0.015062171034514904, 0.014566602185368538, 0.013741210103034973, 0.011348644271492958, 0.010896056890487671, 0.010722880251705647, 0.01031444687396288, 0.0092012919485569, 0.00837637111544609, 0.008003205992281437, 0.006895662751048803, 0.006837347988039255, 0.006641823798418045, 0.006496914196759462, 0.0054892366752028465, 0.003354102373123169, 0.002485084580257535, 0.0015309442533180118, 0.0005550344358198345, 0.0005344031378626823, 0.00047012255527079105, 0.0003539174504112452], "bboxes": [[618.0659790039062, 222.807373046875, 753.9488525390625, 388.94146728515625], [490.24090576171875, 150.2034454345703, 554.2776489257812, 231.7106170654297], [458.26904296875, 152.8869171142578, 498.7220458984375, 211.55421447753906], [207.00967407226562, 140.3870849609375, 236.1797637939453, 175.13661193847656], [308.2192077636719, 119.71236419677734, 318.1109924316406, 132.591796875], [82.02796936035156, 16.386133193969727, 113.10826110839844, 50.7347297668457], [180.41775512695312, 127.03014373779297, 198.7265167236328, 149.61587524414062], [68.17454528808594, 54.88849639892578, 130.16470336914062, 145.14894104003906], [320.47625732421875, 119.3788070678711, 330.7554931640625, 132.63742065429688], [418.11944580078125, 144.2803955078125, 448.4382629394531, 182.92306518554688], [383.5017395019531, 168.00213623046875, 409.59942626953125, 200.4529571533203], [250.61927795410156, 121.07659149169922, 262.98114013671875, 136.35487365722656], [290.21417236328125, 123.30425262451172, 300.884765625, 135.3509521484375], [49.680362701416016, 44.271488189697266, 72.76226806640625, 78.64595031738281], [354.58636474609375, 118.57575225830078, 368.6308288574219, 134.2581787109375], [25.84324836730957, 85.32022857666016, 65.29963684082031, 151.7991180419922], [410.8622741699219, 133.9477081298828, 427.3655090332031, 151.4808807373047], [118.97565460205078, 70.62859344482422, 153.7570037841797, 163.74249267578125], [55.83922576904297, 92.62155151367188, 118.05004119873047, 188.88412475585938], [248.7558135986328, 124.93994140625, 265.2649230957031, 147.16773986816406], [0.811653196811676, 28.317262649536133, 32.27275466918945, 96.8205795288086], [286.3667907714844, 126.7573013305664, 299.0263977050781, 140.3489227294922], [307.2248840332031, 126.6708984375, 317.6074523925781, 139.641357421875], [359.4969482421875, 127.04971313476562, 376.3663024902344, 146.0481719970703], [42.10773468017578, 16.347549438476562, 87.0564956665039, 78.46959686279297], [48.52266311645508, 33.065185546875, 78.5211181640625, 69.32770538330078], [414.482666015625, 179.39552307128906, 442.4415588378906, 225.34085083007812], [322.3371276855469, 127.03626251220703, 333.6809387207031, 140.73716735839844], [371.1914367675781, 128.8880157470703, 385.688232421875, 144.5705108642578], [2.0446221828460693, 31.09385871887207, 27.246049880981445, 75.6343002319336], [400.5101013183594, 136.46737670898438, 414.248291015625, 151.16708374023438], [44.2200813293457, 79.93770599365234, 80.57665252685547, 160.85385131835938], [16.937854766845703, 119.63835144042969, 120.62310028076172, 241.16244506835938], [183.19497680664062, 143.3640594482422, 203.2892303466797, 169.53793334960938], [184.5018310546875, 165.659423828125, 247.72557067871094, 234.41452026367188], [38.767799377441406, 48.516448974609375, 62.120361328125, 77.8537826538086], [392.355224609375, 146.584228515625, 411.478515625, 169.3623504638672], [47.62609100341797, 40.626182556152344, 144.0873565673828, 170.60794067382812], [8.55745792388916, 116.77386474609375, 45.69670486450195, 199.8973388671875], [11.714919090270996, 61.4579963684082, 34.35708236694336, 108.35359191894531], [13.462163925170898, 80.74313354492188, 46.240814208984375, 158.16502380371094], [8.55745792388916, 116.77386474609375, 45.69670486450195, 199.8973388671875], [8.935619354248047, 61.367366790771484, 38.97283935546875, 144.39239501953125], [0.7031500339508057, 30.21009635925293, 42.500030517578125, 95.65013122558594], [36.84188461303711, 35.371116638183594, 61.21004104614258, 65.92411804199219], [1.8463029861450195, 10.958192825317383, 24.214763641357422, 37.996089935302734], [7.669948577880859, 31.004709243774414, 34.98566818237305, 68.79373168945312], [8.279391288757324, 42.78790283203125, 35.7353630065918, 86.10322570800781], [38.767799377441406, 48.516448974609375, 62.120361328125, 77.8537826538086], [11.714919090270996, 61.4579963684082, 34.35708236694336, 108.35359191894531], [1.8463029861450195, 10.958192825317383, 24.214763641357422, 37.996089935302734], [419.85498046875, 176.53964233398438, 451.24395751953125, 221.01148986816406], [36.84188461303711, 35.371116638183594, 61.21004104614258, 65.92411804199219]]}