{"labels": [0, 1, 2, 0, 2], "scores": [0.999963641166687, 0.06535302847623825, 0.03286690264940262, 0.014506082981824875, 0.0033662267960608006], "bboxes": [[74.29578399658203, 4.944645404815674, 241.681884765625, 256.696044921875], [82.68315887451172, 14.895952224731445, 236.68992614746094, 259.02642822265625], [88.30157470703125, 8.71937370300293, 225.70921325683594, 253.30381774902344], [196.3462371826172, 12.310914993286133, 300.394775390625, 232.6705322265625], [196.3462371826172, 12.310914993286133, 300.394775390625, 232.6705322265625]]}