{"labels": [1, 1, 1], "scores": [0.998986542224884, 0.9767993092536926, 0.008450912311673164], "bboxes": [[450.09869384765625, 59.95382308959961, 505.8504943847656, 130.29196166992188], [203.52772521972656, 156.60731506347656, 313.7499694824219, 279.5574645996094], [434.6460266113281, 99.98640441894531, 457.59930419921875, 133.30059814453125]]}