{"labels": [0, 0], "scores": [0.9982590675354004, 0.9969044923782349], "bboxes": [[396.7430114746094, 78.5110092163086, 453.39453125, 137.99826049804688], [464.3780822753906, 64.23961639404297, 520.5010375976562, 131.7709197998047]]}